id_tin,stt_cau,cau,nhan,ghi_chu
C01_khong_ghi_so_nam,1,"trần quốc hưng là một ứng viên có kinh nghiệm 5 năm trong lĩnh vực lập trình backend, với chuyên môn về c# và asp.net core.",,
C01_khong_ghi_so_nam,2,"anh từng làm việc tại công ty cp giải pháp phần mềm tân việt (03/2019 đến nay) và công ty tnhh phần mềm minh long (07/2017 đến 02/2019), nơi đã phát triển hệ thống quản lý đơn hàng, thiết kế rest api, tối ưu sql server và xử lý sự cố hiệu năng.",,
C01_khong_ghi_so_nam,3,"anh cũng có kỹ năng sử dụng sql server, viết stored procedure, jwt, và có thể là ứng viên phù hợp với vị trí lập trình viên backend (.net) đang tuyển dụng hiện tại.",,
C01_khong_ghi_so_nam,4,anh tốt nghiệp kỹ sư công nghệ thông tin tại đại học bách khoa hà nội và có kỹ năng sử dụng git và đọc hiểu tài liệu tiếng anh.,,
C01_khong_ghi_so_nam,5,"đạt yêu cầu về kinh nghiệm và kỹ năng cần thiết cho vị trí này, ưu tiên docker nếu có thêm thông tin liên quan.",,
C02_ketoan_khop,1,"lê thị mai hương là ứng viên có 6 năm kinh nghiệm làm kế toán tổng hợp tại công ty cp thương mại đại phúc, với trách nhiệm hạch toán nghiệp vụ, lập báo cáo thuế và tài chính, làm việc với kiểm toán và cơ quan thuế.",,
C02_ketoan_khop,2,"cô tốt nghiệp cử nhân kế toán từ đại học kinh tế quốc dân, thành thạo phần mềm misa và excel, nắm vững quy định thuế hiện hành.",,
C02_ketoan_khop,3,"ngoài ra, cô từng làm kế toán viên tại công ty tnhh sản xuất bao bì hòa an, có kinh nghiệm theo dõi công nợ và tồn kho nguyên vật liệu.",,
C02_ketoan_khop,4,"ứng viên phù hợp với vị trí kế toán tổng hợp do yêu cầu của tin tuyển dụng, đặc biệt là kinh nghiệm, kỹ năng và kiến thức về thuế và phần mềm kế toán.",,
C03_fresher_mong,1,"nguyễn hoàng long là sinh viên mới tốt nghiệp ngành ứng dụng phần mềm, có kinh nghiệm thực tế với reactjs thông qua đồ án tốt nghiệp.",,
C03_fresher_mong,2,"anh có kỹ năng cơ bản về html, css, javascript và git.",,
C03_fresher_mong,3,"dù chưa có kinh nghiệm làm việc chuyên sâu, nhưng anh thể hiện mong muốn học hỏi và phát triển trong lĩnh vực lập trình web, đặc biệt là frontend với reactjs.",,
C03_fresher_mong,4,"tuy nhiên, anh chưa đáp ứng đủ yêu cầu về kinh nghiệm làm việc (tối thiểu 2 năm) và chưa có kinh nghiệm với typescript hoặc rest api như yêu cầu trong tin tuyển dụng.",,
C03_fresher_mong,5,anh cần tích lũy thêm kinh nghiệm thực tế để phù hợp với vị trí này hơn.,,
C03_fresher_mong,6,"đồ án tốt nghiệp của anh cho thấy khả năng làm việc nhóm và khả năng triển khai giao diện web, điều này có thể là điểm cộng nếu anh có thể phát triển thêm kỹ năng và kinh nghiệm trong thời gian tới.",,
C03_fresher_mong,7,"anh nên tập trung vào việc nâng cao kỹ năng reactjs, typescript và tích hợp api để phù hợp hơn với yêu cầu công việc.",,
C03_fresher_mong,8,"ngoài ra, anh cần thể hiện rõ hơn về kinh nghiệm thực tế và kỹ năng chuyên môn trong cv để tăng cơ hội được tuyển dụng.",,
C03_fresher_mong,9,"anh cũng nên nhấn mạnh vào những kỹ năng và kinh nghiệm đã có, đồng thời thể hiện rõ mục tiêu nghề nghiệp và sự phù hợp với công việc được tuyển dụng.",,
C03_fresher_mong,10,việc có kinh nghiệm làm việc thực tế và hiểu rõ về rest api sẽ giúp anh trở thành ứng viên tiềm năng hơn cho vị trí này.,,
C03_fresher_mong,11,"anh cần cải thiện cv để thể hiện rõ hơn về kinh nghiệm và kỹ năng, đồng thời thể hiện sự phù hợp với yêu cầu công việc.",,
C03_fresher_mong,12,anh cũng nên tìm cách phát triển thêm kỹ năng typescript và tích hợp api để đáp ứng,,
C04_trai_nganh,1,"cv của phạm đức thắng thể hiện kinh nghiệm làm việc trong lĩnh vực kinh doanh, bao gồm 3 năm làm chuyên viên kinh doanh tại công ty cp bất động sản thành đô và 2 năm làm nhân viên bán hàng tại công ty tnhh phân phối hàng tiêu dùng bình minh.",,
C04_trai_nganh,2,"anh có kinh nghiệm tư vấn, bán sản phẩm, xây dựng và chăm sóc khách hàng, cùng với kỹ năng đàm phán, sử dụng phần mềm crm và excel.",,
C04_trai_nganh,3,"tuy nhiên, cv không có kinh nghiệm lập trình, đặc biệt là c# / asp.net core, sql server hay rest api, nên không phù hợp với vị trí lập trình viên backend (.net) đang được tuyển dụng.",,
C05_nhay_viec_nhieu_moc,1,"đỗ thị thanh vân có kinh nghiệm 2 năm trong lĩnh vực chăm sóc khách hàng, bao gồm làm nhân viên chăm sóc khách hàng tại viettravel và tư vấn viên khóa học tại trung tâm anh ngữ sao mai.",,
C05_nhay_viec_nhieu_moc,2,"cô có kỹ năng giao tiếp, xử lý khiếu nại, sử dụng word và excel cơ bản, và tiếng anh giao tiếp (toeic 600).",,
C05_nhay_viec_nhieu_moc,3,"cv phù hợp với yêu cầu công việc chăm sóc khách hàng tại tổng đài và xử lý khiếu nại của tin tuyển dụng, tuy nhiên chưa có kinh nghiệm làm tổng đài trong thời gian dài như yêu cầu.",,
C05_nhay_viec_nhieu_moc,4,"tuy nhiên, kinh nghiệm trong chăm sóc khách hàng và giao tiếp tiếng anh là một điểm mạnh của ứng viên này.",,
C05_nhay_viec_nhieu_moc,5,đỗ thị thanh vân hiện đang sống và làm việc tại tp.,,
C05_nhay_viec_nhieu_moc,6,"hồ chí minh, có thể liên hệ qua email vandtt@email.com hoặc số điện thoại 09xx xxx xxx để trao đổi thêm thông tin.",,
C05_nhay_viec_nhieu_moc,7,"tổng thể, cv này thể hiện sự phù hợp với vị trí tuyển dụng, đặc biệt là về kỹ năng giao tiếp và xử lý khiếu nại, nhưng cần bổ sung thêm kinh nghiệm làm tổng đài để tăng tính cạnh tranh.",,
C05_nhay_viec_nhieu_moc,8,đỗ thị thanh vân có thể là ứng viên tiềm năng nếu được phỏng vấn thêm để đánh giá kỹ năng thực tế trong môi trường làm việc tổng đài.,,
C05_nhay_viec_nhieu_moc,9,cv này thể hiện sự chuyên nghiệp và có thể được xem xét trong quá trình tuyển dụng nếu ứng viên đáp ứng được các yêu cầu bổ sung như kinh nghiệm tổng đài lâu dài hơn.,,
C05_nhay_viec_nhieu_moc,10,đỗ thị thanh vân có thể là ứng viên tiềm năng nếu được phỏng vấn thêm để đánh giá kỹ năng thực tế trong môi trường làm việc tổng đài.,,
C05_nhay_viec_nhieu_moc,11,cv này thể hiện sự chuyên nghiệp và có thể được xem xét trong quá trình tuyển dụng nếu ứng viên đáp ứng được các yêu cầu bổ sung.đ,,
C06_text_pdf_lon_xon,1,"cv ứng viên võ hoàng minh có kinh nghiệm 2 năm trong vận hành máy cnc, từng làm việc tại công ty tnhh cơ khí chính xác đạt phát và công ty cp cơ khí thanh công.",,
C06_text_pdf_lon_xon,2,"anh có kỹ năng vận hành máy phay cnc 3 trục, máy tiện cnc, đọc bản vẽ kỹ thuật, sử dụng thước cặp và panme để kiểm tra sản phẩm.",,
C06_text_pdf_lon_xon,3,"ngoài ra, ứng viên còn có kiến thức cơ bản về autocad 2d và làm việc theo ca, đáp ứng yêu cầu của công việc tuyển dụng kỹ thuật viên vận hành máy cnc.",,
C06_text_pdf_lon_xon,4,anh có trình độ cao đẳng kỹ thuật cơ khí chế tạo năm 2015-2018.,,
C06_text_pdf_lon_xon,5,tỷ lệ phế phẩm của anh là dưới 2% trong quá trình làm việc tại công ty trước đây.,,
C06_text_pdf_lon_xon,6,anh phù hợp với yêu cầu công việc và có thể bắt đầu làm việc ngay lập tức nếu được tuyển dụng.,,
C06_text_pdf_lon_xon,7,đã có kinh nghiệm trong lập chương trình gia công đơn giản trên máy đọc bản vẽ cơ khí và kiểm tra kích thước sản phẩm.,,
C06_text_pdf_lon_xon,8,anh có thể làm việc theo ca và có tinh thần trách nhiệm cao trong công việc.,,
C06_text_pdf_lon_xon,9,"anh là ứng viên tiềm năng cho vị trí kỹ thuật viên vận hành máy cnc do đáp ứng đầy đủ các yêu cầu về kinh nghiệm, kỹ năng và thái độ làm việc phù hợp với môi trường sản xuất công nghiệp.",,
C06_text_pdf_lon_xon,10,anh có thể mang lại giá trị cho công ty nhờ kinh nghiệm thực tế và khả năng làm việc hiệu quả trong môi trường sản xuất.,,
C06_text_pdf_lon_xon,11,"anh có thể là lựa chọn lý tưởng cho vị trí này do đáp ứng đầy đủ các yêu cầu về kinh nghiệm, kỹ năng và thái độ làm việc phù hợp với môi trường sản xuất công nghiệp.",,
C06_text_pdf_lon_xon,12,anh có thể mang lại giá trị cho công ty nhờ kinh nghiệm thực tế và khả năng làm việc hiệu quả trong môi trường sản xuất.,,
C06_text_pdf_lon_xon,13,anh có thể là lựa chọn lý想的,,
C07_song_ngu,1,"nguyen thi phuong linh là ứng viên có 2 năm kinh nghiệm trong lĩnh vực digital marketing, hiện đang làm digital marketing executive tại abc digital agency.",,
C07_song_ngu,2,cô có kinh nghiệm chạy quảng cáo google ads và facebook ads cho các khách hàng e-commerce với ngân sách lên đến 300 triệu vnd/tháng.,,
C07_song_ngu,3,linh cũng có khả năng đo lường hiệu quả chiến dịch bằng google analytics 4 và tạo báo cáo định kỳ.,,
C07_song_ngu,4,"ngoài ra, cô còn có kỹ năng thiết kế nội dung quảng cáo với canva và có chứng chỉ ielts 7.0.",,
C07_song_ngu,5,"trong quá khứ, linh từng làm marketing intern tại công ty cp thương mại việt phát, nơi cô phụ trách viết bài cho fanpage và website.",,
C07_song_ngu,6,"với kinh nghiệm và kỹ năng phù hợp, linh là ứng viên tiềm năng cho vị trí chuyên viên marketing đang được tuyển dụng hiện nay.",,
C08_thanh_tich_nhieu_so,1,bùi trung kiên hiện đang là trưởng nhóm kinh doanh tại công ty cp thiết bị công nghiệp hòa phát group với 3 năm kinh nghiệm.,,
C08_thanh_tich_nhieu_so,2,"ông có kinh nghiệm quản lý đội nhóm 12 nhân viên, xây dựng và đạt vượt chỉ tiêu doanh số, đồng thời có kỹ năng đàm phán và trình bày tốt.",,
C08_thanh_tich_nhieu_so,3,"trước đó, ông từng làm nhân viên kinh doanh tại công ty tnhh thương mại tân á với 3 năm liên tục vượt chỉ tiêu cá nhân.",,
C08_thanh_tich_nhieu_so,4,"ông tốt nghiệp cử nhân marketing từ đại học thương mại năm 2017 và có kỹ năng trong việc xây dựng chỉ tiêu, quản lý nhóm và sử dụng excel.",,
C08_thanh_tich_nhieu_so,5,cv này phù hợp với vị trí trưởng nhóm kinh doanh do yêu cầu về kinh nghiệm quản lý nhóm và xây dựng chỉ tiêu doanh số được nêu trong tin tuyển dụng.,,
C08_thanh_tich_nhieu_so,6,đạt yêu cầu về kinh nghiệm và kỹ năng cần thiết cho vị trí này.,,
C08_thanh_tich_nhieu_so,7,đạt yêu cầu về kinh nghiệm và kỹ năng cần thiết cho vị trí này.,,
C08_thanh_tich_nhieu_so,8,đạt yêu cầu về kinh nghiệm và kỹ năng cần thiết cho vị trí này.,,
C08_thanh_tich_nhieu_so,9,đạt yêu cầu về kinh nghiệm và kỹ năng cần thiết cho vị trí này.,,
C08_thanh_tich_nhieu_so,10,đạt yêu cầu về kinh nghiệm và kỹ năng cần thiết cho vị trí này.,,
C08_thanh_tich_nhieu_so,11,đạt yêu cầu về kinh nghiệm và kỹ năng cần thiết cho vị trí này.,,
C08_thanh_tich_nhieu_so,12,đạt yêu cầu về kinh nghiệm và kỹ năng cần thiết cho vị trí này.,,
C08_thanh_tich_nhieu_so,13,đạt yêu cầu về kinh nghiệm và kỹ năng cần thiết cho vị trí này.,,
C08_thanh_tich_nhieu_so,14,đạt yêu cầu về kinh nghiệm và kỹ năng cần thiết cho vị trí này.,,
C08_thanh_tich_nhieu_so,15,đạt yêu cầu về kinh nghiệm và kỹ năng cần thiết cho vị trí này.,,
C08_thanh_tich_nhieu_so,16,đạt yêu cầu về kinh nghiệm và kỹ năng cần thiết cho vị trí này.,,
C08_thanh_tich_nhieu_so,17,đạt yêu cầu về kinh nghiệm và kỹ năng cần thiết cho vị trí này.,,
C08_thanh_tich_nhieu_so,18,đạt yêu cầu về kinh nghiệm và kỹ năng cần thiết cho vị trí.,,
C09_khoang_trong_su_nghiep,1,"trịnh thu hà là ứng viên có kinh nghiệm 4 năm trong lĩnh vực nhân sự, đặc biệt là mảng c&b (lương thưởng, bảo hiểm).",,
C09_khoang_trong_su_nghiep,2,"cô từng làm chuyên viên nhân sự tại công ty tnhh may mặc tiến thành từ 09/2022 đến nay, đảm nhiệm công tác tính lương, quản lý bảo hiểm xã hội và cập nhật nội quy lao động.",,
C09_khoang_trong_su_nghiep,3,"trước đó, cô làm nhân viên nhân sự tại công ty cp cơ khí hải phòng (2016–2020).",,
C09_khoang_trong_su_nghiep,4,"hà có bằng cử nhân quản trị nhân lực và thành thạo excel, phần mềm chấm công, cũng như nắm vững quy định bhxh và luật lao động 2019.",,
C09_khoang_trong_su_nghiep,5,"tuy nhiên, cô đã nghỉ việc từ 08/2020 đến 08/2022 để chăm con nhỏ.",,
C09_khoang_trong_su_nghiep,6,"ứng viên phù hợp với vị trí chuyên viên nhân sự (c&b) do yêu cầu về kinh nghiệm, kiến thức pháp lý và kỹ năng excel trong tin tuyển dụng.",,
C09_khoang_trong_su_nghiep,7,đang tìm kiếm cơ hội trở lại thị trường lao động sau thời gian nghỉ sinh con.,,
C09_khoang_trong_su_nghiep,8,đang tìm kiếm cơ hội trở lại thị trường lao động sau thời gian nghỉ sinh con.,,
C09_khoang_trong_su_nghiep,9,đang tìm kiếm cơ hội trở lại thị trường lao động sau thời gian nghỉ sinh con.,,
C09_khoang_trong_su_nghiep,10,đang tìm kiếm cơ hội trở lại thị trường lao động sau thời gian nghỉ sinh con.,,
C09_khoang_trong_su_nghiep,11,đang tìm kiếm cơ hội trở lại thị trường lao động sau thời gian nghỉ sinh con.,,
C09_khoang_trong_su_nghiep,12,đang tìm kiếm cơ hội trở lại thị trường lao động sau thời gian nghỉ sinh con.,,
C09_khoang_trong_su_nghiep,13,đang tìm kiếm cơ hội trở lại thị trường lao động sau thời gian nghỉ sinh con.,,
C09_khoang_trong_su_nghiep,14,đang tìm kiếm cơ hội trở lại thị trường lao động sau thời gian nghỉ sinh con.,,
C09_khoang_trong_su_nghiep,15,đang tìm kiếm cơ hội trở lại thị trường lao động sau thời gian nghỉ sinh con.,,
C09_khoang_trong_su_nghiep,16,đang tìm kiếm cơ hội trở lại thị trường lao động sau thời gian nghỉ sinh con.,,
C09_khoang_trong_su_nghiep,17,đang tìm kiế,,
C10_liet_ke_cong_nghe,1,"đinh văn tùng là một ứng viên có kinh nghiệm 2 năm làm lập trình viên tại công ty tnhh gia công phần mềm nam việt, tham gia các dự án outsourcing cho khách hàng nhật bản.",,
C10_liet_ke_cong_nghe,2,"anh có kiến thức về c#, asp.net core, sql server và am hiểu các công nghệ như docker, kubernetes, jenkins, gitlab ci, aws, azure.",,
C10_liet_ke_cong_nghe,3,"ngoài ra, anh còn có kỹ năng với các công nghệ khác như java, spring boot, nodejs, reactjs, angular, mongodb, redis, kafka, rabbitmq, elasticsearch.",,
C10_liet_ke_cong_nghe,4,anh tốt nghiệp kỹ sư công nghệ thông tin từ đại học công nghiệp hà nội năm 2022 và đang tìm kiếm cơ hội làm việc trong lĩnh vực phát triển phần mềm backend với nền tảng .net như yêu cầu của công ty tuyển dụng.,,
C10_liet_ke_cong_nghe,5,"đánh giá chung, cv này phù hợp với yêu cầu về kinh nghiệm và kỹ năng công nghệ của vị trí lập trình viên backend (.net).",,
